INSERT INTO users (id, username, password, phone, first_name, last_name, role)
VALUES  (24, 'gorin@gmail.com', '$2a$10$mbZtOzcUVBQuW49W4l2GGuQmlB/0mTu2B7c.OjvzqtD2b0RoftQBe', '06798467395', 'Aleksandr', 'Gorin', 'TRAINER'),
        (27, 'a@gmail.com', '$2a$10$zY4KL4T1i6MNHdWRO3d6q.Fqu7eo.OWfnG8RapewsRJbLhlvZnuku', '09811113455', 'Artem', 'Shevchenko', 'USER'),
        (15, 'bogdanov@gmail.com', '$2a$10$H4TQTc4OD4I.yOmbDbKIa.QjYnQ/OsPgzkVX/HmZnyb1Rm5rVFp.W', '0634335489', 'Ivan', 'Bogdanov', 'TRAINER'),
        (18, 'krivonos@gmail.com', '$2a$10$NtovyuZe7GbgYwjJWIHkMej8DcGL9JWCrxumVcDKut5QdprX0TT7e', '0987634555', 'Oleg', 'Krivonos', 'TRAINER'),
        (17, 'belyaev@gmail.com', '$2a$10$nH2lCEZ/K0jzdz8fTgZGnOwAYgMAxbZbhGURCTJM.vfI8wg5ABah2', '0634876344', 'Anatoliy', 'Belyaev', 'TRAINER'),
        (12, 'abdulina@gmail.com', '$2a$10$hopgaNuYlI1C/JwsF.qjEOYZIljwqpB.WMqYD/sbs91MrUQ6bJwI.', '0675332689', 'Galiya', 'Abdulina', 'TRAINER'),
        (19, 'zhuk@gmail.com', '$2a$10$zocgR97kR.3Blo.lEJuw3exUiKDdYZw6TNnV0mMl7TlfsgxLm0MXy', '0976774359', 'Yaroslav', 'Zhuk', 'TRAINER'),
        (6, 'kalashnikova@gmail.com', '$2a$10$zSSk2OB4IGzU5TUYKG184Oqr20qC0WZIZ2tRRlr02l3IeStiI9jwO', '0677854327', 'Darya', 'Kalashnikova', 'TRAINER'),
        (5, 'grechanyy@gmail.com', '$2a$10$cy1omo3oC1p6NygRbAFpOOQeNVJxjlSpSC7/eKVMJEojk0n1ipNUm', '0734886541', 'Vitaliy', 'Grechanyy', 'TRAINER'),
        (7, 'yakusheva@gmail.com', '$2a$10$unuOmizMhI5ycRhsvJ.Ixu.IOj5O/CDFDyJBGdIjx8qhCzISStvti', '0934798653', 'Alla ', 'Yakusheva', 'TRAINER'),
        (9, 'lapkovskaya@gmail.com', '$2a$10$MGHCDRbbFSsl16abJMyd3O6LYad6uocG4zOzWRUWctQmSdgnNz3im', '0988512432', 'Anastasiya', 'Lapkovskaya', 'TRAINER'),
        (4, 'lezovskiy@gmail.com', '$2a$10$CeVWwv973dYrUhU1Mlu05OxJVQu0rJ/wO5YnhN8Lrt9ndYdvkG3mS', '0954117769', 'Aleksey', 'Lezovskiy', 'TRAINER'),
        (11, 'morozov@gmail.com', '$2a$10$lGRTiQxcN96mypVqCbReEeyb.bLgBvRDAeoC9vz1sjbMbLRPZaV7q', '0687443761', 'Vladislav', 'Morozov', 'TRAINER'),
        (1, 'litvinova@gmail.com', '$2a$10$Cem6S33Ctwg99B0WNs94qembuXoCHOY4OCWyVvK4gnLbm.Q2D1ECS', '0996513422', 'Mariya', 'Litvinova', 'TRAINER'),
        (3, 'shcherbakov@gmail.com', '$2a$10$lOBs9u9GvLRgi6t.LyT5aOGjBAYU.xhW77hpb2C982a4Lgzn2Rvxq', '0674314562', 'Dmitriy', 'Shcherbakov', 'TRAINER'),
        (22, 'omelyanova@gmail.com', '$2a$10$R9yxEF9bflemGD8/3f9Qverz5/hJQ0DaJNgAcT13yW1YUo3ZmK5xy', '0918745631', 'Irina', 'Omelyanova', 'TRAINER'),
        (16, 'borisova@gmail.com', '$2a$10$lAL5itxR.bNB.0816bQc9.qVAeDazAV.0cnj1gckZE/WlhFAkU3yi', '0916087361', 'Kseniya', 'Borisova', 'TRAINER'),
        (23, 'kryachok@gmail.com', '$2a$10$QEw8fUrGMX5LErdNQ4HWWep9QPYlyR/iQRfTm5TG/.1SPKGwMroIa', '0951655568', 'Aleksandr', 'Kryachok', 'TRAINER'),
        (20, 'levkovskiy@gmail.com', '$2a$10$Kd2Nua4PBZrkRKXk7gmdWOmXXDC3t0rdqcA0ihMFHuTpvEXVMCcfG', '0934335387', 'Vladislav', 'Levkovskiy', 'TRAINER'),
        (13, 'kaymanova@gmail.com', '$2a$10$Il6XqoDKZrKtkwTezFR53.909VLGjDKrS9MXdpV6g/DI0DcBKUf.u', '0956734588', 'Viktoriya', 'Kaymanova', 'TRAINER'),
        (8, 'berezovskaya@gmail.com', '$2a$10$TvbioWYecV2VDhpfd3pA/.loG9LwgpbsCXNkHt6VYxPfAvHZ1Y6RS', '0674332547', 'Mariya', 'Berezovskaya', 'TRAINER'),
        (21, 'notorious@gmail.com', '$2a$10$aKjIJou0qWZmKbx6TqxZdeScf5IIO2Rdb8FdxprLoz5zSiFizBF8.', '0689743655', 'Atum', 'Notorious', 'TRAINER'),
        (30, 'aaaa@gmail.com', '$2a$10$0CgK1Iu4ln1UF8Q2Po3vIORR75HITXHh4.eWzz5vYc1sKjlXo4SIu', '0634555558', 'bbb', 'bbb', 'USER'),
        (31, 'miami@gmail.com', '$2a$10$POKqPvoubig/hb4Tb4tLnOyAHnJr/kXeZeJEwjeT94hNwjVfnS0km', '0500055008', 'Oleksiy', 'Kirilov', 'CLUB'),
        (34, 'user1@gmail.com', '$2a$10$4/.0ZQvNlJFHpnar4ZpXM.IitG2HOYFJ8ZQW50m6IGlEmmz1b1dAq', '0632254368', 'User1', 'User1', 'USER'),
        (2, 'shokola@gmail.com', '$2a$10$5oyrlBjg8bPhX9Cjlx4FQu3gdnh8dDyeGGfp64B8DeBnXAfzhKspa', '0976453219', 'Nikita', 'Shokola', 'TRAINER'),
        (14, 'bergen@gmail.com', '$2a$10$AQU4kKLmb0mJShyC.pVPKuVEq2R.jQah6y/odjOo/PeZo7RWY053.', '0934552875', 'Dana', 'Bergen', 'TRAINER'),
        (32, 'atlant@gmail.com', '$2a$10$tZak7j.lkzhUGBg8MR4LLOCWx/JSlnTYtCthnNngJFA2STG6X40GO', '0976543477', 'Max', 'Neon', 'CLUB'),
        (10, 'ankudinova@gmail.com', '$2a$10$dR5M9QxqMO95wFwmIJkFzOk7KZqXiPB1B6XJlp7KmEp5vQ0rD8GFW', '0634887658', 'Lyudmila', 'Ankudinova', 'TRAINER');


INSERT INTO trainer (id, experience, fitness_club_id, description, user_id, image, price)
VALUES  (8, 2000, null, 'Certified Universal Yoga Instructor. Studied with various yoga masters.', 17, 'images/anatoliy-belyaev-wowfit.jpg', 250),
        (12, 2011, null, 'Choreographer, choreographer, choreographer. An individual approach will allow you to acquire self-confidence, plasticity, femininity, grace, flexibility, good posture, body tone and good mood.', 13, 'images/viktoriya-kaymanova-wowfit.jpg', 180),
        (10, 2014, 2, 'Personal trainer. Will draw up an individual training and nutrition program, taking into account your goals, physical fitness and contraindications. It will help tone the body, develop endurance and flexibility.', 15, 'images/ivan-bogdanov-wowfit.jpg', 150),
        (5, 2020, 1, null, 20, 'images/vladislav-levkovskiy-trener.png', 100),
        (3, 2019, 1, null, 22, 'images/irina-omelyanova-trener.png', 200),
        (13, 2017, null, 'Certified teacher-choreographer. Teaches pop dance (modern), classical and folk dances. Participated in dance shows in China and the World Summer Universiade.', 12, 'images/galiya-abdulina-wowfit.jpg', 130),
        (7, 2012, null, null, 18, 'images/oleg-krivonos-trener.png', 110),
        (17, 2011, null, 'Trainer in sports and development areas in children''s fitness in the age category from 2 to 16 years.', 8, 'images/mariya-berezovskaya-wowfit.jpg', 180),
        (21, 2016, null, 'Certified fitness instructor. It is aimed at functional and power types of loads in various ways of execution: tabata, HIIT, various WOD crossfit complexes.', 4, 'images/alexey-lezovskiy-wowfit.jpg', 80),
        (2, 2017, 1, null, 23, 'images/aleksandr-kryachok-trener.jpg', 170),
        (18, 2010, null, 'Certified fitness trainer and nutrition consultant. Former professional dancer and choreographer. It will help to bring the body into tone, without harm to health, lose weight or gain muscle mass.', 7, 'images/alla-yakysheva-wowfit.jpeg', 220),
        (6, 2013, null, null, 19, 'images/yaroslav-zhuk-trener.png', 120),
        (22, 2014, null, 'Certified yoga teacher. You are waiting for classes aimed at working out the whole body according to the principle "from simple to complex", suitable for both beginners and continuing practitioners. Conducts classes with children, pregnant women and on the restoration of the body after pregnancy.', 3, 'images/dmitriy-shcherbakov-wowfit.png', 190),
        (14, 2015, 2, 'Personal trainer. Will make an individual program of training and nutrition, taking into account your goal and contraindications. In the classroom, it will help develop flexibility, endurance and correct posture.', 11, 'images/vladislav-morozov-wowfit.jpg', 150),
        (16, 2008, null, 'Certified trainer in Pilates, Stretching and MFR. It will help you to define your goal and achieve the desired result. Create a personalized training and nutrition program.', 9, 'images/anastasiya-lapkovskaya-wowfit.png', 210),
        (19, 2017, 2, 'Certified personal trainer. It will help to adjust the figure and give recommendations on nutrition. Makes the process of training varied and interesting, paying special attention to maintaining and improving health through the training process.', 6, 'images/darya-kalashnikova-wowfit.jpg', 170),
        (20, 2015, 2, 'Functional and cardio strength training instructor. Improves strength performance and endurance. His workouts help develop speed and coordination of movements. Shapes your body and helps you lose weight.', 5, 'images/vitaliy-grechanniy-wowfit.png', 150),
        (1, 2015, 1, null, 24, 'images/aleksandr-gorin-trener.jpg', 170),
        (15, 2016, 2, 'Dance teacher. Conducts classes in dance and sports aerobics, stretching, body ballet and zumba. Improve the condition of the body through proper breathing. She studied breathing practices with coaches from China and California.', 10, 'images/lyudmila-ankudinova-wowfit.jpg', 140),
        (9, 2018, 2, 'Certified fitness trainer. I specialize in areas: bodybuilding, fitness, posture and figure correction.', 16, 'images/kseniya-borisova-wowfit.jpeg', 145),
        (23, 2012, 2, 'Yoga teacher. In his classes, he will help to gain a comprehensive psychophysical development through breathing, gymnastics and mindfulness. Helps develop flexibility and endurance.', 2, 'images/nkita-shokola-wowfit.jpeg', 125),
        (4, 2019, null, null, 21, 'images/atum-notorious-trener.png', 150),
        (11, 2015, 2, 'Representative of holistic nutrition with international education, specialization refers to preventive medicine.', 14, 'images/dana-bergen-wowfit.jpg', 160),
        (24, 2011, 2, 'Professional nutritionist. Works with a variety of eating disorders, compulsive overeating and overeating. It will make a diet for weight loss, weight gain, pregnancy, breastfeeding, metabolic and hormonal disorders.', 1, 'images/mariya-litvinova-wowfit.jpg', 175);


INSERT INTO specialization (id, name)
VALUES  (1, 'crossfit'),
        (2, 'workout'),
        (3, 'fitness'),
        (4, 'powerlifting'),
        (5, 'yoga'),
        (6, 'stretching'),
        (7, 'dancing'),
        (8, 'children'),
        (9, 'nutritionology');


INSERT INTO trainer_specialization (trainer_id, specialization_id, id)
VALUES  (1, 1, 1),
        (2, 1, 2),
        (3, 1, 3),
        (4, 2, 4),
        (5, 2, 5),
        (6, 2, 6),
        (7, 2, 7),
        (8, 5, 8),
        (8, 6, 9),
        (9, 3, 10),
        (9, 4, 11),
        (10, 3, 12),
        (10, 4, 13),
        (10, 6, 14),
        (11, 9, 15),
        (12, 7, 16),
        (13, 6, 17),
        (13, 7, 18),
        (14, 3, 19),
        (14, 4, 20),
        (15, 6, 21),
        (15, 7, 22),
        (16, 6, 23),
        (17, 8, 24),
        (18, 3, 25),
        (18, 4, 26),
        (18, 6, 27),
        (18, 9, 28),
        (19, 3, 29),
        (19, 9, 30),
        (20, 3, 31),
        (20, 4, 32),
        (21, 3, 33),
        (21, 4, 34),
        (22, 5, 35),
        (22, 6, 36),
        (23, 5, 37),
        (23, 6, 38),
        (24, 9, 39);


INSERT INTO trainer_working_hours (id, trainer_id, day_id, hours_from, hours_to)
VALUES  (4, 1, 4, '11:00:00', '17:00:00'),
        (5, 1, 5, '11:00:00', '18:00:00'),
        (7, 4, 4, '10:00:00', '15:00:00'),
        (9, 4, 3, '11:00:00', '20:00:00'),
        (8, 4, 1, '10:00:00', '16:00:00'),
        (10, 24, 1, '11:00:00', '18:00:00'),
        (12, 9, 3, '11:00:00', '15:00:00'),
        (11, 9, 1, '11:00:00', '18:00:00'),
        (13, 23, 1, '11:00:00', '17:00:00'),
        (14, 23, 2, '10:00:00', '21:00:00');



INSERT INTO trainer_rating (id, trainer_id, rating)
VALUES  (1, 1, 4),
        (2, 1, 5),
        (3, 2, 5),
        (4, 3, 4),
        (5, 4, 3),
        (6, 4, 4),
        (7, 5, 5),
        (8, 5, 4),
        (9, 5, 3),
        (10, 6, 4),
        (11, 7, 3),
        (12, 8, 2),
        (13, 10, 5),
        (14, 11, 5),
        (15, 12, 3),
        (16, 13, 4),
        (17, 14, 5),
        (18, 15, 5),
        (19, 15, 2),
        (20, 18, 4),
        (21, 20, 5),
        (22, 23, 3),
        (23, 11, 4),
        (24, 24, 4),
        (25, 19, 3),
        (26, 4, 4),
        (27, 4, 4),
        (28, 4, 4),
        (29, 4, 4),
        (30, 4, 4),
        (31, 1, 5),
        (32, 11, 5),
        (33, 1, 5);


INSERT INTO fitness_club (name, user_id)
VALUES ('Miami', 31),
       ('Atlant', 32);


INSERT INTO booking (user_id, trainer_id)
VALUES  (27, 1),
        (30, 1),
        (27, 12);

